Temperature,Humidity,Wind Speed,Flow,Consumption
5.578,93,0.082,0.185,5935.17407
15.51,64.38,0.085,0.133,6044.657863
15.73,64.21,0.084,0.152,6061.944778
15.62,65.22,0.083,0.145,6108.043217
15.45,67.69,0.083,0.189,6119.567827
9.03,85.4,0.083,0.156,6223.289316
9.09,85.5,0.083,0.159,6252.10084
11.52,82.8,0.084,0.167,6344.297719
15.53,77.5,0.082,0.178,6355.822329
5.83,87.7,0.092,0.282,6378.871549
15.44,78,0.081,0.363,6390.396158
8.83,86.1,0.081,4.35,6465.306122
10.95,71.5,0.086,0.156,6476.830732
11.63,82.8,0.082,0.156,6476.830732
8.73,85.9,0.08,2.118,6482.593037
10.87,72,0.085,0.519,6545.978391
15.93,63.48,0.081,2.959,6569.027611
5.936,88,0.082,0.148,6569.027611
5.957,87.7,0.089,4.191,6586.314526
15.46,76.5,0.079,33.05,6620.888355
15.61,78,0.076,0.163,6626.65066
15.55,62.84,0.088,0.122,6626.65066
16.07,71.8,0.072,0.145,6632.412965
8.54,86.5,0.086,0.115,6701.560624
20.55,79,4.913,0.093,6707.252298
12.82,71.4,0.083,0.137,6707.322929
12.92,70.7,0.083,0.111,6718.847539
12.97,71.5,0.087,0.167,6718.847539
15.7,75.3,0.08,71.7,6828.331333
13.39,81.4,0.075,0.178,6834.093637
11.35,83.5,0.082,0.452,6845.618247
8.55,86.3,0.087,0.141,6851.380552
11.08,87.2,0.079,0.174,6874.429772
12.27,69.83,4.926,12.15,6881.927711
18.12,50.93,0.084,0.182,6897.478992
18.33,50.1,0.082,0.122,6926.290516
9.56,83.1,0.084,1.36,6945.542169
11.59,82,0.079,8.69,6949.339736
14.46,72.6,0.072,0.148,6966.626651
10.88,49.43,0.077,0.167,6966.626651
12.19,79.7,4.919,2.433,6978.151261
7.98,94,0.078,5.567,6995.438175
11.06,87.3,0.082,0.197,7001.20048
14.18,66.27,0.076,0.23,7003.373494
12.51,78.5,4.917,0.141,7006.962785
18.1,50.93,0.083,0.3,7018.487395
13.51,80.6,0.076,0.156,7018.487395
5.744,89.1,0.083,0.163,7018.487395
10.78,73,0.083,6.505,7030.012005
15.75,66.55,0.072,22.81,7035.77431
12.38,79,4.922,0.119,7047.29892
14.96,69.39,0.073,6.393,7047.29892
14.81,81.2,0.071,0.089,7066.987952
5.455,82.4,0.083,0.271,7066.987952
11.19,87.1,0.079,0.134,7070.348139
14.76,70.8,0.076,0.597,7070.348139
14.95,65.46,0.081,0.152,7104.921969
12.81,58.88,0.081,0.219,7110.684274
9.46,83.3,0.081,0.133,7119.036145
18.23,80,0.071,0.222,7124.819277
12.87,73.5,0.086,6.656,7127.971188
6.303,87.8,0.085,0.122,7127.971188
5.327,82.1,2.409,2.246,7130.60241
14.44,65.77,0.077,0.085,7130.60241
12.43,80,4.919,9.75,7133.733493
14.2,78.5,0.076,0.178,7133.733493
18.27,84.9,0.063,1.804,7136.385542
5.381,82.1,0.084,0.923,7136.385542
14.87,70.4,0.076,1.491,7139.495798
5.851,82.8,2.766,0.089,7145.258103
6.331,87,0.086,0.148,7145.258103
6.375,87.6,0.085,0.163,7151.020408
12.87,72.6,0.082,0.126,7151.020408
8.13,87.7,4.918,1.406,7156.782713
10.11,62.34,0.083,0.323,7156.782713
16.09,70.8,0.072,0.137,7156.782713
4.659,87,0.079,0.274,7162.545018
6.205,88.2,0.095,40.27,7162.545018
8.34,86.7,0.085,7.18,7168.307323
13.05,57.78,0.079,0.145,7179.831933
5.739,89.3,0.084,0.315,7179.831933
18.29,79.8,0.068,0.76,7182.650602
10.9,54.01,0.076,0.104,7185.594238
15.79,67.69,4.921,10.61,7200
15.63,75.1,0.083,60.09,7202.881152
18.18,84.8,0.063,0.548,7205.783133
8.27,87.7,0.08,0.126,7214.405762
5.913,88.2,0.08,0.134,7225.930372
5.849,89.5,0.086,1.02,7225.930372
9.25,85.1,0.085,20.11,7231.692677
12.86,73.8,0.095,9.66,7248.979592
5.209,83.8,4.909,0.078,7263.614458
8.91,86.4,0.084,16.23,7277.791116
13.68,74.5,0.075,11.12,7277.791116
16.02,67.52,4.919,0.989,7280.963855
12.31,79.2,4.927,0.171,7295.078031
6.278,87.5,0.08,0.278,7295.078031
15.14,86.4,0.075,0.141,7298.313253
15.89,86.9,0.072,0.174,7309.879518
18,51.7,0.083,0.13,7312.364946
11.09,72.1,0.085,62.35,7323.889556
5.915,88.7,0.083,7.42,7323.889556
18.25,79.8,0.068,2.356,7327.228916
8.73,61.33,4.922,1.372,7327.228916
16.23,67.02,4.918,0.319,7338.795181
11.67,79.3,0.086,22,7341.176471
4.663,86.7,0.084,1.135,7346.938776
9.7,84.3,0.082,24.66,7358.463385
18.81,81.7,0.067,0.159,7361.927711
9.01,88.5,0.079,0.385,7361.927711
5.969,82.6,0.083,0.108,7364.22569
8.12,93.9,0.082,24.1,7364.22569
15.82,75,0.081,80.1,7369.987995
18.39,49.83,0.082,6.798,7381.512605
15.72,68.02,4.918,27.44,7390.843373
12.38,80.4,4.918,24.54,7393.037215
6.219,87.3,0.085,0.141,7393.037215
18.05,51.3,0.081,0.108,7393.037215
10.82,87.3,0.079,8.63,7393.037215
10.95,47.63,0.078,6.765,7398.79952
9.31,83.1,0.082,24.55,7402.409639
4.792,86.8,0.082,3.638,7404.561825
12.86,58.74,0.082,1.116,7404.561825
9.28,60.66,4.922,0.1,7413.975904
8.3,86.4,4.916,24.5,7416.086435
10.4,66.79,0.08,0.385,7419.759036
9.99,69.06,0.081,4.97,7419.759036
10.43,68.93,4.915,0.174,7431.325301
16.09,67.82,0.075,10.5,7433.373349
15.13,87.8,0.072,12.41,7437.108434
11.35,71.6,0.089,68,7444.897959
16.57,89.7,4.915,0.178,7446.56535
5.581,84.3,4.913,2.014,7450.660264
5.919,88.3,0.08,9.65,7450.660264
14.56,85.8,0.081,6.696,7454.457831
12.04,72.9,4.914,0.078,7460.240964
15.38,86.7,0.074,0.1,7466.024096
11.9,71.7,4.921,22.32,7466.024096
10.15,71.1,4.915,0.211,7471.807229
16.24,67.72,4.919,0.107,7471.807229
5.309,84.6,4.919,0.119,7477.590361
9.1,85.2,0.081,0.122,7490.996399
15.53,67.25,0.072,54.82,7496.758703
6.21,87.6,0.081,2.437,7496.758703
13.78,76.4,0.077,25.99,7496.758703
18.24,79.8,0.07,0.193,7506.506024
18.22,80,0.068,5.591,7506.506024
4.601,86.4,0.085,7.58,7508.283313
6.687,87.6,0.096,49.68,7508.283313
6.599,86.6,0.092,55.09,7508.283313
19.62,77.2,0.068,1.041,7512.289157
11.34,87.2,0.08,0.167,7514.045618
15,69.73,0.073,17.56,7514.045618
9.52,74.2,4.92,7.02,7518.072289
11.82,69.44,0.086,64.65,7519.807923
13.02,57.21,0.082,6.174,7537.094838
12.8,74.3,0.09,18.77,7542.857143
15.22,62.86,0.077,0.145,7542.857143
19.38,55,0.079,0.07,7546.987952
14.56,85.8,0.082,15.86,7546.987952
16.87,49.44,0.086,2.212,7546.987952
8.65,88.8,0.08,0.13,7546.987952
5.961,89.3,0.082,13.65,7548.619448
8.3,86.6,4.913,34.24,7554.381753
13.18,55.27,0.082,39.14,7554.381753
9.2,59.66,4.918,0.108,7564.337349
15.99,73.7,0.082,76.6,7565.906363
5.664,84.7,4.919,8.05,7565.906363
9.99,62.84,0.083,6.809,7565.906363
10.4,68.06,3.202,8.96,7570.120482
9.18,59.89,4.917,0.078,7570.120482
15.9,60.28,0.079,25,7571.668667
11.41,80,0.083,24.86,7571.668667
16.62,89.7,4.912,0.471,7580.790274
19.9,71.5,0.07,0.119,7581.686747
19.84,75,0.069,0.267,7581.686747
9.53,74.4,4.918,10.71,7581.686747
16.26,67.72,4.92,0.078,7581.686747
12.88,58.11,0.083,2.84,7588.955582
11.11,52.64,0.078,6.638,7588.955582
16.58,49.8,0.085,0.578,7593.253012
10.86,66.5,4.921,0.093,7593.253012
6.023,88.7,0.084,16.17,7594.717887
17.23,86.1,4.916,0.144,7601.552605
16.87,60.23,0.078,18.05,7604.819277
4.584,86.6,1.855,19.52,7606.242497
13.27,65.99,0.084,0.167,7606.242497
15.97,55.84,0.085,0.126,7610.60241
15.23,79.6,4.912,0.148,7610.60241
13.21,56.21,0.085,46.63,7612.004802
6.145,88.8,0.085,20.97,7612.004802
17.16,86,4.915,0.141,7613.319714
19.45,55.94,0.079,11.79,7616.385542
19.22,56.9,0.08,0.074,7622.168675
6.391,86.3,0.091,63.79,7623.529412
8.76,88.7,0.079,0.107,7627.951807
14.93,86.9,4.911,0.159,7639.148936
19.73,70.3,0.07,0.122,7639.518072
15.69,78.5,0.08,0.171,7640.816327
16.71,89.7,4.914,3.094,7644.984802
14.9,86.5,4.923,0.141,7644.984802
11.76,69.54,0.09,55.78,7652.340936
14.78,86.7,4.918,0.174,7656.656535
5.398,81,4.918,24.24,7656.86747
14.84,79.9,4.914,0.148,7656.86747
10.75,87.2,0.083,59.52,7658.103241
14.39,61.85,0.08,0.111,7658.103241
17.31,86.1,4.915,0.144,7660.388151
15.68,59.21,0.088,2.246,7662.650602
12.73,74.7,0.084,35.67,7663.865546
8.4,93.8,0.083,49.54,7669.627851
19.81,70.3,0.069,0.126,7674.216867
15.53,77.2,4.913,0.13,7674.216867
9.99,62.27,0.083,17.12,7675.390156
13.08,56.51,0.084,0.122,7675.390156
7.92,94.2,0.081,30.41,7675.390156
7.98,94.3,0.077,50.28,7675.390156
18.17,79.8,0.07,17.07,7680
5.514,93,0.081,0.122,7681.152461
16.54,51.6,0.085,0.104,7685.783133
14.94,81,0.072,0.085,7685.783133
8.31,93.9,0.082,43.83,7692.677071
8.49,93.9,0.087,77.1,7692.677071
13.02,66.29,0.082,0.972,7692.677071
16.89,85.7,4.917,3.505,7695.689479
16.42,66.35,4.918,0.089,7697.349398
16.75,89.6,4.913,0.111,7697.507599
15.63,61.46,0.082,21.98,7698.439376
6.205,88,0.083,4.484,7698.439376
15.66,76.7,4.912,0.682,7703.13253
15.56,67.65,0.085,77.5,7704.201681
9.96,61.47,0.083,19.64,7704.201681
13.78,76.9,0.076,34.56,7704.201681
9.87,87.4,4.926,0.141,7720.481928
15.91,86.5,4.915,1.427,7720.851064
4.83,86.9,0.081,0.134,7721.488595
13.04,57.68,0.082,38.9,7721.488595
19.79,77.7,0.072,12.03,7726.26506
9.92,86.9,4.937,0.482,7726.26506
8.94,59.76,4.916,7.83,7726.26506
14.98,86.9,4.913,9.68,7726.68693
18.47,49.7,0.083,24.18,7727.2509
6.387,87.9,0.084,9.01,7727.2509
16.99,85.7,4.919,1.097,7730.990807
17.53,45.9,0.086,24.58,7732.048193
15.77,87.3,4.912,0.122,7732.522796
14.76,87.1,4.915,0.504,7738.358663
12.51,73.5,0.085,6.067,7738.77551
17.27,85.6,4.916,23.94,7742.757916
5.226,84.9,4.913,0.115,7743.614458
9.44,83.1,0.082,55.68,7743.614458
9.85,62.34,0.084,11.2,7744.537815
19.79,77.2,0.072,18.93,7749.39759
17.19,85.8,4.916,16.97,7754.525026
17.94,73.2,0.078,25.68,7755.180723
5.502,81.2,4.924,23.07,7755.180723
8.56,93.9,0.086,94.8,7756.062425
15.57,76.1,4.915,2.261,7760.963855
13.05,72.8,0.088,67.41,7761.82473
12.56,81.5,4.924,51.61,7761.82473
18.32,49.77,0.085,34.64,7761.82473
18.17,50.37,0.083,52.99,7761.82473
14.53,85.4,0.082,0.593,7766.746988
19.77,77.6,0.07,6.937,7766.746988
17.25,48.3,0.084,5.625,7766.746988
16.73,64.52,4.914,0.126,7784.096386
14.44,85.5,0.083,32.77,7795.662651
11.25,48.46,0.078,0.085,7796.398559
15.73,56.4,0.086,0.085,7801.445783
5.605,92.5,0.078,0.13,7802.160864
14.99,87.4,4.913,2.09,7802.553191
15.91,79.9,0.073,0.145,7807.228916
10.8,65.69,4.919,14.5,7807.228916
9.13,62.03,4.914,0.078,7807.228916
19.47,57.34,0.08,1.275,7813.012048
18.39,79.5,0.068,0.126,7830.361446
19.8,76.7,0.069,25.36,7830.361446
18.04,73.4,0.075,0.152,7830.361446
18.28,50.13,0.078,52.32,7830.972389
17.52,85.5,4.914,35.5,7831.011236
15.73,87.2,4.913,0.122,7831.732523
15.85,87.3,4.913,0.211,7831.732523
19.49,55.77,0.081,10.65,7836.144578
8.62,88.1,4.917,11.86,7836.144578
9.19,84.7,4.915,42.15,7836.734694
11.31,51.34,0.079,19.02,7842.496999
15.37,86.9,0.078,0.122,7843.404255
16.54,89.2,4.916,4.828,7843.404255
18.06,73.6,0.073,0.122,7847.710843
8.74,88.1,4.918,4.589,7847.710843
9,92.7,0.081,0.122,7848.259304
16.11,67.26,0.074,15.8,7848.259304
14.96,87,4.913,4.699,7849.240122
16.09,66.69,0.076,26.01,7854.021609
6.536,87.4,0.082,17.76,7854.021609
13.09,65.95,0.083,2.867,7854.021609
15.5,60.61,0.086,7.7,7859.277108
12.43,71.8,4.922,27.94,7859.277108
16.28,73.1,0.081,71.5,7859.783914
6.942,87.4,0.093,71.8,7859.783914
5.174,93.2,0.082,0.126,7859.783914
16.11,67.16,0.078,20.06,7859.783914
10.15,68.59,4.917,19.16,7865.060241
15.48,76.9,4.915,5.431,7865.060241
15.56,69.63,0.089,106.6,7865.546218
7.77,93.5,0.077,0.134,7865.546218
19.31,57.1,0.079,0.111,7870.843373
12.5,78.2,4.918,0.156,7877.070828
15.51,88.3,0.073,44.66,7882.409639
12.78,80.7,4.916,38.08,7882.833133
8.62,86.2,0.087,0.145,7882.833133
9.8,83,0.085,75.6,7888.192771
15.34,68.26,0.074,43.93,7888.595438
15.54,86.8,0.078,0.17,7890.091185
17.08,89.6,4.921,0.093,7890.091185
15.73,56.07,0.088,0.133,7893.975904
13.12,57.68,0.082,35.22,7894.357743
18.08,50.8,0.08,0.126,7900.120048
12.92,80.6,4.919,88.4,7905.882353
14.46,72.5,0.073,0.108,7917.406963
13.67,87.4,0.083,0.222,7922.891566
13.52,87.4,0.081,0.875,7922.891566
9.81,87.3,4.931,0.148,7922.891566
8.08,94.3,0.079,76.6,7923.169268
17.16,89.7,4.998,0.178,7925.106383
18.25,79.6,0.07,45.2,7928.674699
5.603,85.4,4.916,21.08,7928.931573
8.67,88.6,0.08,0.141,7940.240964
13.04,72.1,0.086,93.8,7940.456182
14.11,76.8,0.074,50.28,7940.456182
18.47,84.4,0.067,26.12,7946.024096
16.04,67.42,4.921,24.41,7946.024096
6.42,88.2,0.087,30.41,7946.218487
15.81,87.3,4.914,0.152,7948.449848
15.19,86.8,0.072,0.096,7951.807229
17.7,45.66,0.086,20.74,7951.807229
15.45,77.8,4.913,0.152,7951.807229
10.78,87,0.085,80.3,7951.980792
10.71,86.7,0.085,93.5,7951.980792
6.184,88.6,0.082,26.63,7957.743097
10.66,86.8,0.088,104,7957.743097
13.15,69.9,4.916,30,7963.373494
15.73,56.44,0.091,0.196,7969.156627
9.78,69.7,4.918,22.2,7969.156627
11.36,86,0.08,0.145,7969.267707
8.7,86.8,0.088,53.38,7969.267707
12.2,75.8,0.082,23.8,7969.267707
13.96,87.4,0.082,0.115,7974.939759
19.81,76,0.069,32.05,7974.939759
13.21,79.9,2.542,68.8,7975.030012
19.71,55.47,0.082,15.62,7980.722892
13.51,87.3,0.076,2.561,7980.722892
10.33,50.23,0.078,21.38,7980.792317
5.867,88.2,0.081,0.156,7986.554622
15.16,64.8,0.078,25.63,7992.289157
15.72,69.86,0.088,137.5,7992.316927
9.42,64.64,0.082,0.119,7992.316927
5.695,89,0.083,32.3,7992.316927
19.73,56.84,0.08,21.19,7998.072289
14.54,85,0.082,0.133,7998.072289
9.85,86.2,4.935,6.103,7998.072289
12.87,70.4,0.083,0.174,7998.079232
10.6,86.8,0.087,122,7998.079232
15.28,86.9,0.08,0.126,8000.972644
15.93,87.2,4.912,1.123,8000.972644
15.89,86.6,4.917,14.36,8000.972644
5.33,92.9,0.082,0.167,8003.841537
10.77,67.77,4.918,0.111,8009.638554
14.43,84.5,0.084,0.145,8015.421687
19.85,84.7,4.911,0.096,8019.284985
5.781,84.9,4.916,27.66,8021.128451
6.085,87.9,0.087,0.171,8021.128451
9.93,87.3,4.935,0.163,8021.204819
11.15,64.29,0.084,0.093,8021.204819
8.38,88.7,4.916,23.04,8021.204819
15.79,61.62,0.082,56.89,8026.890756
9.87,87.6,4.926,0.115,8026.987952
17.71,85.4,4.914,42.37,8031.052094
5.772,80.8,4.919,28.34,8032.771084
9.13,58.99,4.916,21.82,8032.771084
9.84,83,0.086,29.57,8038.415366
17.27,49.07,0.086,16.05,8038.554217
11.44,87.4,0.081,0.134,8049.939976
16.07,67.89,4.923,20.59,8050.120482
15.13,86.8,0.08,0.152,8053.495441
15.04,87.1,4.919,18.44,8053.495441
13.92,87.4,0.083,0.156,8055.903614
15.01,87,0.078,0.715,8059.331307
17.45,86.8,4.915,0.104,8060.469867
6.87,87.5,0.086,31.89,8061.464586
16.26,80,0.072,0.167,8061.686747
9.05,60.09,4.921,19.46,8061.686747
17.07,89.6,4.93,0.119,8065.167173
14.5,75.1,0.073,55.47,8067.226891
14.83,79.1,4.912,0.171,8067.46988
9.88,61.64,0.082,21.76,8072.989196
6.523,87.4,0.087,29.93,8072.989196
4.562,87.3,0.083,0.122,8078.751501
13.29,65.02,0.081,21.02,8078.751501
15.33,78.4,4.912,0.167,8079.036145
9.96,82.5,0.082,84.1,8079.036145
4.785,86.4,0.083,22.68,8084.513806
11.8,79,0.089,31.78,8084.513806
16.15,69.96,0.072,0.133,8084.513806
16.12,65.59,0.076,32.71,8084.513806
12.46,74.6,0.093,65.67,8084.513806
15.84,59.97,0.084,10.15,8084.819277
18.93,81.3,0.068,0.148,8084.819277
18.72,63.74,0.073,0.148,8084.819277
6.451,88.3,0.086,0.167,8090.27611
10.2,82.6,0.085,30.15,8096.038415
18.87,63.38,0.07,0.089,8096.385542
11.68,79.3,0.08,33.34,8101.80072
8.44,89.3,4.901,28.32,8102.168675
17.91,85.4,4.917,0.163,8106.018237
19.85,84.7,4.912,0.352,8107.538304
19.55,54,0.08,0.082,8107.951807
17.11,89.2,4.957,1.086,8111.854103
15.91,86.7,4.916,24.69,8111.854103
6.12,89.1,0.092,36.02,8113.32533
13.24,65.19,0.085,8.79,8113.32533
9.55,74.6,4.917,17.17,8119.518072
15.45,77.9,4.914,13.42,8119.518072
8.95,94.1,0.083,90.1,8124.84994
16.13,65.09,0.075,37.93,8124.84994
19.76,82.7,4.912,18.46,8125.188968
18.03,72.9,0.076,36.75,8125.301205
8.72,61.13,4.921,16.73,8125.301205
10.56,87,0.084,136.7,8142.136855
15.74,87.8,0.074,70.8,8142.650602
18,91,4.988,0.137,8146.869301
9.21,85,0.08,0.13,8147.89916
14.41,85.4,0.082,31.96,8148.433735
18.1,85.8,4.92,0.107,8152.705167
15.54,61.71,0.081,0.115,8153.661465
6.668,86.3,0.082,0.119,8153.661465
10.52,50,0.077,24.35,8159.42377
15.74,87.2,4.916,0.111,8164.3769
13.42,79,0.085,46.23,8165.186074
11.86,77.3,0.086,76.2,8165.186074
18.44,79,0.071,80.9,8165.783133
19.87,84.2,4.913,0.093,8172.257406
17.77,85.1,4.914,0.17,8176.048632
13.16,65.15,0.085,37.6,8176.710684
13.13,72.8,0.081,130.1,8182.472989
8.92,86.6,0.085,60.74,8182.472989
16.89,48.27,0.084,0.096,8183.13253
17.97,91.1,4.988,0.085,8187.720365
10.38,87.2,0.083,123.5,8188.235294
8.2,94.4,0.083,127.8,8188.235294
14.48,84.2,0.083,0.145,8188.915663
18.61,78.2,0.071,95.9,8188.915663
18.19,72.7,0.073,0.078,8188.915663
18.08,72.9,0.077,53.45,8188.915663
10.11,82.1,0.083,104.7,8188.915663
20.83,79.8,0.345,0.182,8189.908069
15.7,63.82,0.084,76.5,8193.997599
11.95,78.8,0.088,31.76,8193.997599
8.8,94.1,0.083,77.4,8193.997599
14.69,84,0.08,0.178,8194.698795
16.48,68.89,0.085,88.7,8199.759904
5.122,93.7,0.083,0.653,8199.759904
18.99,61.63,0.098,0.645,8205.227964
4.914,86.3,2.853,27.22,8205.522209
19.81,84.7,4.912,1.541,8207.558733
13.52,53.74,0.081,38.59,8211.284514
16.15,85.7,0.07,0.104,8212.048193
15.96,86.5,4.914,0.145,8216.899696
15.63,63.99,0.083,109.8,8217.046819
11.97,73.1,4.916,0.093,8217.831325
16.08,67.89,4.921,24.76,8217.831325
14.05,87.2,0.079,0.111,8223.614458
15.84,87.1,4.916,7.35,8228.571429
8.1,87.9,0.079,0.085,8228.571429
13.06,55.94,0.083,0.141,8228.571429
16.6,49.53,0.083,0.1,8229.39759
8.85,89.3,0.53,39.17,8229.39759
9.15,94.1,0.081,105.9,8234.333733
15.16,85.1,0.095,0.856,8234.407295
15.06,87,0.08,2.616,8234.407295
17.99,91,4.94,0.167,8234.407295
9.42,76.2,4.916,19.88,8235.180723
16.28,63.63,0.076,26.99,8235.180723
5.086,86.1,4.913,28.96,8240.096038
15.18,63.66,0.078,0.115,8240.096038
16.5,73.3,0.084,68.45,8245.858343
6.636,85.9,0.092,76.5,8245.858343
12.45,74.5,0.089,28.32,8245.858343
20.01,88.4,0.25,0.13,8246.079027
18.99,85.6,4.911,0.13,8246.079027
15.37,84,0.087,0.119,8251.914894
17.06,85,4.916,0.144,8251.914894
15.88,86.6,4.914,0.148,8251.914894
20.89,79.9,0.34,0.141,8254.627171
7.26,85.8,0.087,36.71,8257.382953
11.07,70.9,0.083,0.159,8257.382953
16.43,89.4,4.913,8.12,8257.75076
12.66,87.2,4.919,0.182,8257.75076
15.99,86.8,4.916,31,8257.75076
12.69,77.6,0.082,73.9,8258.313253
13.76,76.7,0.093,65.05,8258.313253
10.65,80.8,0.085,29.64,8263.145258
14.46,78.4,0.07,0.159,8268.907563
18.3,72.4,0.073,53.81,8269.879518
4.832,86.3,0.085,25.36,8274.669868
16.11,66.26,0.074,50.15,8274.669868
18.47,86.9,4.917,3.598,8275.258359
17.16,85.3,4.915,0.219,8275.258359
11.39,85.2,0.082,0.148,8280.432173
10.46,86.9,0.088,142,8280.432173
11.11,64.25,0.084,0.089,8281.445783
19.65,83.5,4.912,11.32,8284.044944
5.375,85.6,4.916,30.19,8286.194478
9.44,81.7,4.917,99.3,8297.719088
16.09,67.02,0.086,57.99,8297.719088
12.46,73.5,0.084,32.94,8297.719088
18.54,86.7,4.916,5.22,8298.601824
17.01,84.6,4.914,0.126,8298.601824
16.28,67.72,4.923,35.49,8298.795181
20.83,79.8,0.355,0.782,8301.695608
17.67,53.74,0.082,0.145,8303.481393
13.59,86.9,0.079,5.725,8304.578313
15.93,85.8,0.071,0.185,8304.578313
16.02,86.2,0.073,1.797,8304.578313
9.44,78.4,4.919,26.42,8304.578313
9.12,59.29,4.918,23.49,8304.578313
10.35,87.3,0.086,96.8,8309.243697
12.97,74.4,0.083,0.141,8309.243697
18.8,61.33,0.097,0.133,8310.273556
15.46,67.56,0.074,66.25,8315.006002
19.66,84.3,4.91,3.542,8319.346272
18.52,49.47,0.085,44.98,8320.768307
15.73,72.1,0.072,58.02,8321.927711
15.11,87.2,4.917,24.42,8321.945289
17.22,87,4.919,0.159,8325.229826
6.651,85.9,0.085,83.5,8326.530612
18.25,52.74,0.084,33.61,8327.710843
15.95,86.5,4.915,0.07,8327.781155
13.3,72.9,0.086,229.6,8332.292917
18.04,91.1,4.93,0.23,8333.617021
9.69,86,4.936,12.21,8339.277108
9.11,89.3,0.078,84.6,8339.277108
21.73,47.48,4.92,0.081,8342.88049
8.96,92.7,0.082,0.141,8343.817527
16.18,65.95,0.076,40.15,8343.817527
16.47,89.5,4.915,17.82,8345.288754
11.8,51.37,0.081,32.74,8349.579832
17.11,69.63,0.072,56.82,8350.843373
20.09,88.6,0.246,0.189,8351.12462
16.65,73.4,0.082,70.2,8355.342137
11.91,79.1,0.084,84.3,8355.342137
11.07,49.73,0.078,26.84,8355.342137
13.65,86.6,0.078,11.89,8356.626506
17.26,87,0.073,0.53,8356.626506
17.02,66.59,4.922,43.96,8356.626506
12.53,87.3,4.911,0.652,8356.960486
14.4,85.2,0.084,41.26,8362.409639
21.63,47.45,4.919,0.1,8366.414709
20.02,88.5,0.232,0.163,8368.632219
18.93,64.48,0.074,0.096,8373.975904
9.61,85.9,4.933,22.21,8373.975904
9.01,63.36,4.914,0.059,8373.975904
17.84,65.13,0.071,60.24,8373.975904
19.16,84.7,4.913,0.126,8380.303951
17.03,84.2,4.91,0.159,8380.303951
5.895,83.9,4.913,32.44,8384.153661
18.56,65.16,0.072,88.3,8385.542169
18.05,91.1,4.924,0.967,8386.139818
16.2,69.06,0.073,0.141,8389.915966
18.98,76.9,0.071,140.6,8391.325301
21.91,46.88,4.922,0.081,8395.832482
6.412,88.2,0.083,0.104,8401.440576
18.22,48.8,0.086,35.2,8402.891566
19.39,58.66,0.105,27.23,8403.647416
17.12,89.7,4.919,0.085,8403.647416
12.63,86.8,4.914,0.13,8409.483283
13.64,72.9,0.085,103.2,8412.965186
12.61,78.3,4.917,0.104,8412.965186
12.32,74.6,0.084,37.61,8412.965186
11.96,52,0.076,34.56,8418.727491
18.12,86.2,4.914,0.126,8421.155015
13.59,78.4,0.088,48.76,8424.489796
16.02,66.89,0.074,65.46,8424.489796
8.26,94.5,0.08,132.4,8424.489796
17.12,46.13,0.084,0.052,8426.024096
15.55,78.8,4.912,25.32,8426.024096
20.66,63.04,0.083,0.156,8426.990881
18.52,49.37,0.084,41.89,8430.252101
19.34,57.61,0.08,25.99,8431.807229
15.96,87.9,0.072,102.2,8431.807229
9.05,89.1,0.079,75.5,8431.807229
18.52,65.99,0.072,51.16,8431.807229
17.68,66.36,0.071,57.99,8437.590361
17.8,85.3,4.914,60.98,8442.900919
10.13,69.4,4.916,25.76,8443.373494
17.33,57.52,0.082,28.27,8443.373494
15.7,87.1,4.913,13.63,8444.49848
18,91,4.976,0.104,8450.334347
9.2,86.1,0.088,87.3,8453.301321
21.64,47.52,4.924,0.385,8454.668029
16.07,86.5,0.073,0.522,8454.939759
9.77,85.7,4.934,33.36,8454.939759
16.73,48.57,0.086,0.044,8454.939759
5.122,85.2,4.913,0.122,8454.939759
18.84,61.19,0.088,0.085,8456.170213
6.791,86,0.088,88.7,8459.063625
9.3,94.2,0.083,106.2,8459.063625
9.28,86,0.087,92.6,8459.063625
12.21,52.57,0.076,35.66,8459.063625
11.28,48.66,0.077,0.145,8459.063625
21.85,46.82,4.919,0.085,8460.551583
14.48,85.1,0.083,66.69,8460.722892
18.55,79.2,0.068,0.137,8460.722892
17.89,86.6,0.074,0.17,8460.722892
16.88,90.2,4.911,0.122,8462.006079
14.59,72,0.076,0.152,8464.82593
9.13,86.5,0.087,71.7,8464.82593
19.26,76.1,0.071,173.4,8466.506024
18.71,86.9,0.071,0.17,8466.506024
9.87,87.8,4.922,0.104,8466.506024
17.82,85,4.917,2.271,8467.841945
10.4,87.3,0.083,70.9,8470.588235
14.45,61.42,0.08,0.1,8470.588235
6.405,86.9,0.085,38.59,8476.35054
10.67,52.49,4.925,26.92,8478.072289
18.35,66.62,0.072,47.85,8478.072289
17.13,85.1,4.915,0.685,8479.513678
9.97,81.1,4.918,118.3,8482.112845
10.5,78.9,4.919,146.5,8482.112845
14.51,78.2,0.069,0.141,8482.112845
15.84,87.2,0.072,0.167,8483.855422
14.47,61.73,4.924,33.77,8483.855422
17.57,64.29,4.919,50.74,8483.855422
20.7,61.51,0.082,0.126,8485.349544
21.01,59.81,0.086,0.133,8485.349544
12.38,87.4,4.911,2.509,8485.349544
17.75,84.7,4.918,6.451,8491.18541
13.38,65.22,0.084,51.03,8493.637455
15.75,86.2,0.07,0.141,8495.421687
11.37,49.28,4.925,27.97,8495.421687
6.315,81.6,0.085,0.085,8499.39976
16.73,53.35,0.086,253.3,8499.39976
15.37,63.12,0.08,0.115,8499.39976
16.09,51.11,0.085,0.056,8501.204819
6.1,92.4,0.082,0.167,8505.162065
8.23,94.6,0.079,123.2,8505.162065
19.53,72,0.072,0.111,8506.987952
14.86,60.39,4.924,34.73,8506.987952
15.58,79,4.913,43.83,8506.987952
12.63,86.7,4.911,0.148,8508.693009
10.18,81.3,0.081,131,8512.771084
6.609,86.9,0.09,47.6,8516.686675
18.5,65.22,0.072,96.2,8518.554217
14.07,64.13,4.925,32.67,8524.337349
18.44,65.16,0.071,89.8,8524.337349
18.58,86,0.075,0.133,8526.200608
6.901,85.8,0.086,87.7,8528.211285
6.348,87.3,0.084,39.01,8528.211285
18.7,84.6,0.068,0.86,8532.036474
17.38,86.9,0.071,0.122,8535.903614
16.28,85.9,0.071,0.115,8535.903614
11.22,63.82,0.085,0.126,8535.903614
9.12,89.2,0.081,68.46,8535.903614
17.73,84,4.918,75.2,8537.037794
15.73,64.46,0.082,141.2,8557.022809
11,78.5,0.081,30.26,8557.022809
15.01,86.4,0.072,0.137,8559.036145
15.06,87,0.081,6.425,8561.215805
7.13,84.3,0.085,38.29,8562.785114
16.05,63.43,0.075,0.082,8564.819277
18.04,65.23,0.073,63.55,8564.819277
20.84,79.7,0.319,2.923,8566.455567
15.64,87.3,4.912,23.71,8567.051672
8.9,92.5,0.083,0.148,8568.547419
14.8,83.9,0.081,0.122,8570.60241
16.95,63.35,4.915,0.13,8570.60241
19.53,58.53,0.098,43.62,8572.887538
5.955,82.4,0.082,31.62,8574.309724
9.35,74.3,0.088,35.95,8574.309724
6.153,87.6,0.083,0.126,8574.309724
18.6,49.5,0.084,51.76,8574.309724
14.58,78,0.066,0.2,8574.309724
12.34,52.54,0.078,35.08,8574.309724
17.62,55.29,0.08,29.72,8576.385542
15.03,85,0.095,7.11,8578.723404
16.2,68.66,0.072,0.13,8580.072029
13.64,86.4,0.081,19.31,8582.168675
13.6,75.4,4.919,0.122,8584.559271
15.88,87.1,0.083,0.13,8584.559271
20.07,88.7,0.24,0.17,8584.559271
17.91,86.5,4.912,0.256,8584.559271
12.1,76.1,0.087,37.52,8585.834334
12.37,87.1,0.082,0.904,8587.951807
12.18,87.5,0.08,3.083,8587.951807
12.23,87.5,4.912,5.559,8590.395137
6.109,82.6,4.913,33.16,8591.596639
11.86,65.36,0.084,0.111,8591.596639
18.77,64.02,0.073,54,8593.73494
17.34,86.4,4.916,0.078,8595.87334
16.25,66.63,4.918,0.126,8596.231003
17.76,84.8,4.916,11.81,8602.066869
20.31,63.57,0.087,0.122,8602.066869
15.18,87.3,4.917,24.58,8602.066869
18.83,84.7,0.07,0.504,8602.066869
15.35,63.88,0.085,0.1,8603.121248
11.87,65.32,0.082,0.126,8603.121248
15.49,65.39,0.078,102.3,8603.121248
11.44,87.5,0.082,0.126,8603.121248
7.87,93.4,0.08,0.085,8603.121248
10.25,76.7,4.92,64.2,8605.301205
15.3,59.76,4.927,35.63,8605.301205
18.82,63.93,0.071,62.09,8605.301205
20.84,79.8,0.36,0.122,8607.640449
21.97,47.02,4.926,2.215,8607.640449
13.63,75.5,4.92,0.1,8607.902736
10.82,77.3,4.914,157.2,8608.883553
9.86,70.6,0.086,36.16,8608.883553
7.23,84.1,0.088,52.55,8608.883553
13.1,50.37,0.084,111.1,8608.883553
9.38,84.9,0.082,0.104,8608.883553
14.8,70.3,0.076,0.152,8608.883553
13.51,75.2,4.918,1.986,8619.574468
5.937,83.1,4.912,34.85,8620.408163
15.62,68.59,0.073,101.8,8620.408163
16.06,67.02,0.077,65.34,8620.408163
12.26,78.9,0.086,102.9,8620.408163
16.02,58.97,0.083,11.36,8622.650602
17.66,84.6,4.916,79,8625.291113
18.19,86.8,4.914,0.371,8625.410334
17.03,70.9,0.083,91,8626.170468
17.29,59.11,0.08,54.14,8626.170468
11.13,53.74,0.077,0.119,8626.170468
20.33,46.2,0.084,39.97,8628.433735
16.26,66.96,4.922,0.211,8631.246201
20.01,88.5,0.266,6.502,8631.246201
18.5,84.4,0.069,2.09,8631.246201
6.144,81.7,0.079,32.17,8631.932773
12.19,64.05,0.083,0.096,8631.932773
17.77,84.8,4.914,28.97,8637.082067
15.79,86.6,4.913,0.122,8637.082067
12.92,70.4,0.083,0.13,8637.695078
12.52,79.6,0.085,67.74,8637.695078
6.416,82.3,4.914,35.26,8637.695078
6.94,86.4,0.088,53.56,8637.695078
20.32,81.5,4.916,50.28,8642.941777
9.27,65.97,0.08,0.13,8643.457383
18.58,64.36,0.074,51.41,8645.783133
19.08,69.11,0.071,63.65,8651.566265
11.35,65.19,4.922,28.62,8651.566265
18.36,86.6,4.913,1.719,8654.589666
15.46,87.3,4.915,31.35,8654.589666
8.91,76.3,0.085,36.61,8654.981993
19.43,56.67,0.084,28.49,8657.349398
13.71,75.4,4.917,0.104,8660.425532
15.59,87.1,4.916,36.47,8660.425532
16.63,53.36,0.081,91.8,8660.744298
7.01,85.6,0.089,46.64,8660.744298
15.51,83.8,0.084,0.126,8666.261398
12.02,64.15,0.086,0.108,8666.506603
12.08,76.5,0.086,39.21,8666.506603
17,86,0.07,2.16,8668.915663
10.53,68.71,0.09,36.87,8672.268908
16.61,53.32,0.084,62.15,8672.268908
5.161,93.9,0.083,5.3,8672.268908
9.59,94.1,0.087,63.79,8672.268908
14.15,63.95,0.086,53.67,8672.268908
20.02,81.4,4.914,56.37,8672.359551
12.62,86.2,0.083,0.137,8674.698795
11.05,75.9,4.917,168.7,8678.031212
16.46,52.85,0.086,49.07,8678.031212
16.37,53.59,0.083,210.8,8678.031212
12.46,86.8,0.082,0.211,8680.481928
15.37,53.28,0.083,0.107,8680.481928
17.8,63.52,4.924,52.4,8680.481928
18.13,64.39,0.073,59.44,8680.481928
11.67,83.6,0.077,0.093,8686.26506
8.15,87.6,0.079,0.1,8689.555822
7.25,84.2,0.085,47.97,8689.555822
17.25,56.44,0.082,0.1,8689.555822
11.86,65.42,0.086,0.111,8689.555822
8.41,94.7,0.079,84.1,8689.555822
15.08,80.8,0.073,0.074,8692.048193
12.7,86.1,0.083,0.126,8692.048193
10.78,67.9,4.922,26.7,8692.048193
10.65,68.1,4.915,0.093,8692.048193
18.34,63.96,0.072,58.78,8692.048193
11.84,65.36,0.084,0.122,8695.318127
11.91,65.42,0.082,0.089,8695.318127
15.41,62.86,0.08,0.108,8695.318127
8.99,92.3,0.081,0.152,8695.318127
14.51,73.9,0.075,0.148,8695.318127
14.76,71.3,0.076,0.141,8695.318127
6.939,86.1,0.085,43.06,8695.318127
18.81,86.9,0.069,0.096,8697.831325
20.42,46.77,0.082,47.11,8697.831325
9.62,79.3,4.917,36.89,8697.831325
18.28,66.99,0.07,52.1,8697.831325
16.15,66.56,0.071,69.54,8701.080432
9.33,85.9,0.082,94.7,8701.080432
13.58,75.4,4.914,0.137,8701.276596
18.78,61.43,0.089,0.093,8701.276596
16.22,86.7,4.914,59.04,8701.276596
15.6,79.6,0.08,0.133,8706.842737
5.917,88.1,0.083,0.156,8706.842737
17.33,67.66,0.083,56.53,8706.842737
14.3,77,0.073,0.122,8706.842737
12.06,45.16,0.077,30.21,8706.842737
9.83,79.1,4.918,46.31,8709.39759
18.74,64.03,0.075,51,8709.39759
14.43,75.4,0.075,0.148,8712.605042
16.09,67.02,0.075,65.54,8712.605042
13.48,75.3,4.919,4.709,8712.948328
20.88,79.4,0.316,7.43,8713.544433
17.59,84.8,4.916,77.8,8713.544433
4.756,86.5,0.084,0.1,8718.367347
11.8,75.8,0.083,31.28,8718.367347
12.17,76.6,0.086,40.89,8718.367347
17.19,85.9,4.913,2.249,8718.784195
14.64,84.9,0.083,109.7,8720.963855
11.81,47.31,4.924,29.9,8720.963855
6.633,86.5,0.08,0.185,8724.129652
12.47,52.34,0.078,35.85,8724.129652
20.8,80.4,0.361,0.13,8725.311542
11.15,64.79,4.921,29.64,8726.746988
17.93,54.02,0.081,30.75,8726.746988
17.57,55.91,0.081,0.108,8729.891957
11.91,65.05,0.08,0.122,8729.891957
11.49,68.76,0.081,0.115,8729.891957
20,88.5,0.282,21.29,8730.455927
19.49,76.7,0.119,0.1,8730.455927
20.58,80.6,4.913,63.19,8731.195097
15.78,59.34,0.082,16.11,8732.53012
11.91,65.09,0.081,0.104,8735.654262
21.79,46.52,4.919,0.104,8737.078652
14.2,86.9,0.077,0.141,8738.313253
12.56,86.4,0.083,0.152,8738.313253
9.4,94.2,0.086,73.8,8741.416567
12.08,87.9,4.912,9.77,8742.12766
15.84,58.81,0.079,29.3,8744.096386
16.37,67.62,0.08,0.163,8747.178872
9.74,93.9,0.084,58.52,8747.178872
15.55,70.1,0.073,124,8747.178872
21.71,46.52,4.92,20.03,8748.845761
17.54,67.62,0.079,153.8,8752.941176
15.81,64.56,0.083,126.9,8752.941176
10.76,86.6,0.099,69.24,8752.941176
12.33,85.4,0.079,0.119,8758.703481
14.17,78.3,0.073,0.148,8758.703481
17.99,67.88,0.085,3.539,8759.635258
19.4,59.17,0.082,32.43,8761.445783
11.58,74.5,4.916,132.5,8764.465786
16.51,66.92,0.081,0.145,8764.465786
12.51,84.8,0.082,0.145,8764.465786
16.42,76.7,0.082,64.66,8764.465786
17.54,66.66,0.082,57.22,8764.465786
18.53,64.22,4.921,0.104,8765.471125
15.83,79.3,4.913,31.56,8767.228916
16.37,67.66,0.083,0.13,8770.228091
11.57,66.89,0.083,0.104,8770.228091
17.17,70.2,0.082,57.06,8810.564226
11.18,85.7,0.095,65.37,8810.564226
14.53,73.7,0.073,0.148,8810.564226
18.06,66.54,0.082,7.33,8812.158055
15.71,86.9,4.913,46.12,8812.158055
18.05,73.1,0.077,1.138,8813.493976
17.52,86.1,4.914,7.85,8835.50152
12.01,88,4.916,15.93,8835.50152
17.13,88.7,0.073,171.2,8836.626506
18.97,80.2,0.068,0.107,8836.626506
16.44,53.82,0.084,44.51,8839.37575
15.61,58.56,4.923,36.39,8848.192771
16.9,63.55,4.914,0.085,8848.192771
16.17,68.89,0.071,0.115,8850.90036
15.19,73.9,0.074,114.5,8850.90036
12.95,75.7,0.085,0.104,8850.90036
12.95,82.3,0.082,0.13,8914.285714
10.65,93.3,0.083,64.18,8914.285714
15.56,75,0.07,0.126,8914.285714
11.29,48.83,0.078,0.122,8914.285714
19.31,84.2,4.916,0.107,8917.203647
17.97,90.8,4.935,0.119,8917.203647
19.73,75.9,0.072,256.3,8923.373494
18.45,62.61,0.081,171.5,8925.810324
16.3,53.72,0.084,43.99,8925.810324
19.88,88.7,0.072,0.226,8928.87538
12.04,87.7,0.08,7.76,8929.156627
12.77,44.04,4.924,37.4,8929.156627
10.99,80.4,0.082,117.2,8929.156627
15.13,77.1,0.07,0.152,8960.384154
9.68,82.5,0.082,0.082,8963.855422
21.38,58.64,0.087,82.3,8963.890578
17.93,68.21,0.082,0.093,8963.890578
18.36,62.71,0.08,49.81,8966.146459
15.93,87,4.912,74.9,8981.398176
18.77,60.98,0.085,155.6,8983.433373
20.61,75.5,4.917,0.233,8990.071502
15.27,77.6,4.91,0.171,8992.771084
21.52,57.47,0.082,86.3,8998.905775
17.95,64.42,0.084,53.94,9000.720288
15.73,74.5,0.073,0.13,9000.720288
18.86,63.43,0.074,80.8,9004.337349
14.16,78.3,0.076,0.122,9012.244898
14.28,73.8,0.077,0.197,9012.244898
16.08,76,4.922,12.12,9013.60572
11.87,61.66,4.919,31.14,9015.903614
8.88,65.9,4.917,0.059,9021.686747
20.24,88.2,0.259,63.28,9022.24924
17.81,66.22,0.085,100.9,9023.769508
17.54,56.77,0.085,65.27,9023.769508
15.57,56.76,0.083,47.91,9023.769508
17.12,63.02,0.081,0.111,9023.769508
20.74,75.2,4.921,0.148,9037.139939
16.03,76.5,4.919,4.583,9037.139939
9.93,84.4,4.932,33.82,9039.036145
5.934,79.3,4.918,82.9,9039.036145
18.64,63.26,0.073,113.9,9039.036145
15.91,79.4,0.085,68.07,9052.581032
16.7,62.78,0.074,176,9052.581032
20.02,67.79,4.915,0.13,9054.790603
10.78,76.1,4.92,84.8,9056.385542
16.38,67.59,0.073,0.148,9064.105642
6.56,77.2,4.921,132,9067.951807
23.45,66.06,4.917,0.115,9068.93617
15.59,83.8,0.091,0.119,9068.93617
17.1,89.1,4.923,22.61,9068.93617
18.03,67.04,0.083,15.43,9068.93617
10,83,0.084,0.141,9069.867947
11.51,87.8,0.085,0.13,9069.867947
16.27,68.32,0.07,0.133,9069.867947
8.71,89.3,0.081,67.57,9073.73494
15.8,70.3,0.087,0.156,9075.630252
15.71,61.27,0.087,0.137,9075.630252
16.63,58.14,0.083,143.6,9075.630252
16.8,55.97,0.083,114.1,9075.630252
7.86,85.4,0.087,48.26,9133.253301
14.83,58.75,0.084,75.4,9133.253301
18.6,79,0.068,0.107,9137.349398
12.08,69.21,0.088,34.73,9139.015606
10.01,84.1,0.078,0.096,9139.015606
24.26,50.92,4.924,6.354,9179.817629
15.18,86.1,0.072,0.145,9183.614458
15.23,77.6,4.912,0.141,9183.614458
21.5,88,4.91,0.163,9184.228805
16.69,58.21,0.081,185.9,9185.114046
18.95,63.79,0.084,53.62,9185.114046
11.33,48.87,0.08,0.13,9185.114046
17.11,89.7,4.914,29.4,9185.653495
14.5,71.9,0.082,34.67,9219.687875
18.29,63.79,0.086,45.3,9219.687875
16.6,68.76,0.073,138.6,9219.687875
14.55,61.32,0.081,0.082,9219.687875
17.91,67.54,0.086,23.18,9220.668693
12.17,88.3,4.912,21.58,9220.668693
19.19,85.8,0.069,271.8,9224.096386
20.85,79.8,0.314,0.093,9225.413687
12.88,76.8,0.082,53.32,9225.45018
10.13,69.31,0.085,36.53,9225.45018
11.61,67.22,0.083,0.1,9225.45018
12.11,82.2,0.085,0.156,9225.45018
19.46,70.9,4.917,4.909,9255.683891
15.89,68.93,4.922,13.44,9255.683891
19.69,66.74,0.071,154.4,9258.795181
12.68,80,4.921,0.141,9260.02401
7.79,88.7,0.086,0.096,9300.360144
18.92,82.6,4.92,120,9301.899898
19.91,88.6,0.065,0.137,9302.370821
14.49,39.91,4.92,36.62,9305.060241
19.17,60.71,0.085,66.97,9306.122449
14.68,74.3,0.081,51.34,9306.122449
13.24,54.21,0.081,0.108,9306.122449
13.08,60.95,0.081,11.03,9306.122449
13.04,58.08,0.093,0.082,9340.696279
17.77,62.92,0.075,111.9,9340.696279
9.1,84.7,0.084,0.126,9340.696279
14.2,69.53,0.1,67.09,9340.696279
23.35,66.32,4.918,1.7,9343.221884
14.89,38.84,4.919,43.04,9345.542169
18.42,54.87,0.085,102.8,9346.458583
12.84,58.88,0.089,0.119,9346.458583
8.96,88.5,0.084,0.1,9351.325301
12.33,80.4,0.075,0.111,9351.325301
19.2,58.91,0.083,62.69,9352.220888
15.56,63.51,0.083,0.082,9352.220888
12.91,77.7,4.925,0.156,9352.220888
8.07,87.9,0.082,0.122,9369.507803
7.45,89.4,0.084,0.122,9369.507803
12.93,50.1,0.078,37.86,9369.507803
19.48,76.7,0.14,0.107,9372.401216
17.12,89.6,4.925,0.122,9372.401216
18.5,84.1,0.07,22.59,9374.457831
12.38,79,0.071,0.093,9374.457831
6.603,86.8,0.085,0.174,9375.270108
14.24,68.99,0.079,0.13,9375.270108
11.89,46.6,0.078,0.096,9438.655462
20.19,66.44,0.085,114.3,9442.431611
17.33,42.24,4.917,31.54,9443.855422
7.01,76.4,4.92,65.89,9449.638554
14.81,82.3,4.913,0.159,9449.638554
12.09,77.4,0.073,0.104,9449.638554
16.68,64.92,0.079,112.4,9449.99
